City_ID,City,Country,Lat,Lng,Max Temp,Humidity,Cloudiness,Wind Speed,Current Description
0,Souillac,MU,-20.5167,57.5167,73.78,94,40,5.75,light rain
1,Tasiilaq,GL,65.6145,-37.6368,32.16,97,100,24.18,snow
2,Sinnamary,GF,5.3833,-52.95,80.94,89,100,12.8,light rain
3,Georgetown,MY,5.4112,100.3354,82.33,89,20,2.3,few clouds
4,Port Alfred,ZA,-33.5906,26.891,62.19,90,23,11.43,few clouds
5,Hamilton,US,39.1834,-84.5333,85.21,51,0,3.44,clear sky
6,Soacha,CO,4.5794,-74.2168,67.89,52,40,10.36,scattered clouds
7,Viedma,AR,-40.8135,-62.9967,55.6,67,100,23.22,overcast clouds
8,Torbay,CA,47.6666,-52.7314,40.26,81,75,17.27,broken clouds
9,Qaanaaq,GL,77.484,-69.3632,26.47,57,100,3.11,overcast clouds
10,Saldanha,ZA,-33.0117,17.9442,60.85,70,0,11.52,clear sky
11,Longyearbyen,SJ,78.2186,15.6401,30.04,69,75,3.44,broken clouds
12,Garowe,SO,8.4054,48.4845,84.9,45,41,22.79,scattered clouds
13,Touros,BR,-5.1989,-35.4608,84.09,68,100,11.81,overcast clouds
14,Jumla,NP,29.2747,82.1838,55.11,76,37,3.96,scattered clouds
15,Berlin,DE,52.5244,13.4105,70.23,45,0,8.01,clear sky
16,Huallanca,PE,-9.8993,-76.9417,60.01,46,54,7.78,broken clouds
17,Bredasdorp,ZA,-34.5322,20.0403,56.7,92,0,5.03,clear sky
18,Orange Walk,BZ,17.8333,-88.8333,96.78,31,12,3.49,few clouds
19,Nara,JP,34.6851,135.8049,59.5,55,100,1.66,overcast clouds
20,Busselton,AU,-33.65,115.3333,52.84,81,74,6.13,broken clouds
21,Port Elizabeth,ZA,-33.918,25.5701,66.49,87,0,9.22,clear sky
22,Cape Town,ZA,-33.9258,18.4232,63.12,77,0,5.75,clear sky
23,Clocolan,ZA,-28.9137,27.5656,53.01,35,0,3.69,clear sky
24,Kanye,BW,-24.9667,25.3327,62.98,35,18,5.41,few clouds
25,Ushuaia,AR,-54.8,-68.3,46.06,66,20,3.44,few clouds
26,Saint-Philippe,RE,-21.3585,55.7679,71.19,81,36,10.98,scattered clouds
27,Victoria,HK,22.2855,114.1577,71.38,88,100,15.01,overcast clouds
28,Vestmannaeyjar,IS,63.4427,-20.2734,49.19,93,100,12.66,overcast clouds
29,Panama City,PA,8.9936,-79.5197,89.38,69,40,8.05,scattered clouds
30,Bandarbeyla,SO,9.4942,50.8122,82.62,83,10,25.01,clear sky
31,Arraial Do Cabo,BR,-22.9661,-42.0278,78.66,69,75,12.66,light rain
32,Vila Do Maio,CV,15.1333,-23.2167,88.59,86,75,16.17,broken clouds
33,Hooksett,US,43.0967,-71.4651,79.32,63,75,9.22,broken clouds
34,Tabuk,PH,17.4189,121.4443,76.98,88,100,0.31,overcast clouds
35,Daura,NG,11.5538,11.4085,96.33,10,32,5.28,scattered clouds
36,Ornskoldsvik,SE,63.2909,18.7153,50.95,46,40,23.02,scattered clouds
37,Marsaxlokk,MT,35.8419,14.5431,73.08,46,0,10.36,clear sky
38,Belyy Yar,RU,53.6039,91.3903,67.89,28,0,4.47,clear sky
39,Hermanus,ZA,-34.4187,19.2345,61.81,72,0,9.84,clear sky
40,Nicoya,CR,10.1483,-85.452,91.04,52,64,3.94,broken clouds
41,Sur,OM,22.5667,59.5289,84.67,59,0,10.16,clear sky
42,Livramento,BR,-3.0254,-60.1803,81.27,100,75,5.75,broken clouds
43,Carutapera,BR,-1.195,-46.02,84.52,72,96,10.0,overcast clouds
44,Eldorado,BR,-23.7869,-54.2836,63.72,92,100,4.41,overcast clouds
45,Quelimane,MZ,-17.8786,36.8883,71.55,78,20,2.3,few clouds
46,Laguna,US,38.421,-121.4238,84.49,49,0,6.91,clear sky
47,Pangnirtung,CA,66.1451,-65.7125,21.2,86,20,11.5,few clouds
48,Mar Del Plata,AR,-38.0023,-57.5575,55.42,87,75,18.41,broken clouds
49,Banda Aceh,ID,5.5577,95.3222,81.75,82,63,12.71,broken clouds
50,San Pedro,PH,14.35,121.0167,79.83,90,75,1.14,light rain
51,Praia Da Vitoria,PT,38.7333,-27.0667,59.76,94,40,27.11,light rain
52,Malaya Purga,RU,56.5567,53.0043,49.98,74,93,3.62,overcast clouds
53,Turbat,PK,26.0023,63.044,91.44,17,0,5.66,clear sky
54,Betioky,MG,-23.7167,44.3833,69.48,65,0,11.81,clear sky
55,Sembabule,UG,-0.0772,31.4567,66.2,89,65,4.12,light rain
56,Chuy,UY,-33.6971,-53.4616,61.56,44,100,9.75,overcast clouds
57,Ponta Do Sol,PT,32.6667,-17.1,74.03,64,51,7.63,broken clouds
58,Punta Arenas,CL,-53.15,-70.9167,44.71,76,0,14.97,clear sky
59,Araouane,ML,18.9048,-3.5265,97.05,6,5,7.0,clear sky
60,Dikson,RU,73.5069,80.5464,31.6,99,100,8.72,overcast clouds
61,Castro,BR,-24.7911,-50.0119,59.11,92,99,7.02,overcast clouds
62,Bathsheba,BB,13.2167,-59.5167,84.81,74,75,21.85,broken clouds
63,Dolzhanskaya,RU,46.6311,37.8039,61.25,69,71,7.78,broken clouds
64,Montepuez,MZ,-13.1256,38.9997,70.61,58,98,4.25,overcast clouds
65,Vagamo,NO,61.8751,9.0967,43.93,81,77,7.61,broken clouds
66,Ostrovnoy,RU,68.0531,39.5131,36.59,86,56,7.54,broken clouds
67,Kirkland Lake,CA,48.1446,-80.0377,77.29,23,82,7.56,broken clouds
68,Taoudenni,ML,22.6783,-3.9836,102.52,4,43,19.04,scattered clouds
69,Carballo,ES,43.213,-8.691,64.54,85,99,10.92,light rain
70,Jamestown,US,42.097,-79.2353,79.52,64,75,8.05,broken clouds
71,Chhabra,IN,24.6667,76.8333,97.52,17,1,14.14,clear sky
72,Patacamaya,BO,-17.2333,-67.9167,58.44,24,33,10.54,scattered clouds
73,Mitu,CO,1.1983,-70.1733,85.44,68,96,0.34,overcast clouds
74,Isiro,CD,2.7739,27.616,65.53,96,92,3.6,moderate rain
75,Omboue,GA,-1.5746,9.2618,78.46,90,80,6.02,light rain
76,Salalah,OM,17.0151,54.0924,86.09,58,2,5.75,clear sky
77,Atar,MR,20.5169,-13.0499,106.7,7,40,15.9,scattered clouds
78,Manta,EC,-0.95,-80.7333,82.18,78,100,4.61,overcast clouds
79,Saquarema,BR,-22.92,-42.5103,78.84,70,98,4.59,overcast clouds
80,Mitsamiouli,KM,-11.3847,43.2844,80.82,70,25,7.25,scattered clouds
81,Manoharpur,IN,27.3,75.95,93.52,17,61,13.96,broken clouds
82,Mirebalais,HT,18.8333,-72.1053,91.04,39,92,7.81,overcast clouds
83,Ancud,CL,-41.8697,-73.8203,54.0,62,77,9.71,broken clouds
84,Trapani,IT,37.8333,12.6667,73.49,38,0,9.22,clear sky
85,Ribeira Grande,PT,38.5167,-28.7,61.2,88,75,18.41,light rain
86,Chiredzi,ZW,-21.05,31.6667,66.51,63,53,5.41,broken clouds
87,Narsaq,GL,60.9167,-46.05,46.62,66,52,6.46,broken clouds
88,Bhabua,IN,25.05,83.6167,92.3,19,2,7.27,clear sky
89,East London,ZA,-33.0153,27.9116,65.34,88,0,5.75,clear sky
90,Thinadhoo,MV,0.5333,72.9333,84.36,69,85,14.34,overcast clouds
91,Fianarantsoa,MG,-21.4333,47.0833,57.79,98,100,4.52,light rain
92,Bengkulu,ID,-3.8004,102.2655,77.43,91,100,2.55,overcast clouds
93,Los Llanos De Aridane,ES,28.6585,-17.9182,69.55,83,20,7.0,few clouds
94,Kaura Namoda,NG,12.5898,6.5779,98.85,9,27,8.55,scattered clouds
95,North Myrtle Beach,US,33.816,-78.68,87.35,64,40,9.22,scattered clouds
96,Walvis Bay,NA,-22.9575,14.5053,76.15,38,0,3.44,clear sky
97,Vila Velha,BR,-20.3297,-40.2925,78.75,69,75,8.05,broken clouds
98,Harindanga,IN,22.0383,88.3214,85.96,76,58,17.87,broken clouds
99,Kargasok,RU,59.0556,80.8572,53.67,89,72,7.27,broken clouds
100,Andra,RU,62.5147,65.8878,48.78,79,70,7.09,broken clouds
101,Kostrzyn,PL,52.3985,17.2281,66.11,71,32,7.25,scattered clouds
102,Bethanien,NA,-26.502,17.1583,69.15,19,0,10.31,clear sky
103,Hithadhoo,MV,-0.6,73.0833,83.62,71,81,10.85,broken clouds
104,Santa Cruz,BO,-17.8,-63.1667,78.85,50,75,20.71,broken clouds
105,Padang,ID,-0.9492,100.3543,77.05,90,52,3.0,broken clouds
106,Chake Chake,TZ,-5.2459,39.7666,77.72,80,4,10.85,clear sky
107,Upernavik,GL,72.7868,-56.1549,22.14,70,9,4.97,clear sky
108,Molodizhne,UA,48.1773,32.6601,53.64,74,48,8.46,scattered clouds
109,Bayonet Point,US,28.3267,-82.6834,91.29,70,4,3.0,clear sky
110,Necochea,AR,-38.5473,-58.7368,54.14,78,100,25.55,overcast clouds
111,Dingle,PH,10.9995,122.6711,77.13,87,96,0.29,light rain
112,Natal,BR,-5.795,-35.2094,86.22,74,75,12.66,broken clouds
113,Monrovia,LR,6.3005,-10.7969,82.56,78,96,9.57,light rain
114,Marawi,PH,7.9986,124.2928,69.19,91,98,1.88,overcast clouds
115,Jales,BR,-20.2689,-50.5458,81.01,53,97,9.08,overcast clouds
116,Pori,FI,61.4833,21.7833,50.07,46,0,16.11,clear sky
117,Maldonado,UY,-34.6667,-54.9167,58.39,50,69,15.95,broken clouds
118,Comodoro Rivadavia,AR,-45.8667,-67.5,53.46,54,0,3.44,clear sky
119,Angoche,MZ,-16.2325,39.9086,73.74,72,0,6.38,clear sky
120,Ullapool,GB,57.8987,-5.1604,63.36,74,96,5.17,overcast clouds
121,Maniitsoq,GL,65.4167,-52.9,33.39,60,2,13.22,clear sky
122,Thompson,CA,55.7435,-97.8558,35.76,93,100,12.66,light intensity drizzle
123,Oranjemund,NA,-28.55,16.4333,66.33,42,0,8.43,clear sky
124,Nantucket,US,41.2835,-70.0995,68.11,88,100,10.36,overcast clouds
125,Ust-Charyshskaya Pristan,RU,52.3934,83.6635,55.72,89,83,6.38,broken clouds
126,Matay,EG,28.419,30.7792,81.25,23,13,19.24,few clouds
127,Raga,SS,8.4596,25.678,78.84,68,78,6.24,broken clouds
128,Kindu,CD,-2.95,25.95,79.48,65,86,2.01,overcast clouds
129,Quatre Cocos,MU,-20.2078,57.7625,73.51,80,30,7.99,scattered clouds
130,Chapais,CA,49.7834,-74.8492,64.18,76,100,5.97,overcast clouds
131,Polunochnoye,RU,60.8697,60.4153,45.39,87,65,4.52,broken clouds
132,Carnarvon,AU,-24.8667,113.6333,68.0,39,0,12.71,clear sky
133,Cayenne,GF,4.9333,-52.3333,86.09,1,75,17.27,broken clouds
134,Desbiens,CA,48.4178,-71.9495,61.45,95,100,6.96,overcast clouds
135,Kangaatsiaq,GL,68.3065,-53.4641,24.58,68,7,10.76,clear sky
136,Itaitinga,BR,-3.9694,-38.5281,85.48,81,96,6.49,overcast clouds
137,Tazovskiy,RU,67.4667,78.7,40.66,100,100,5.37,overcast clouds
138,Puntarenas,CR,9.9763,-84.8384,86.38,65,99,6.67,overcast clouds
139,Codrington,AU,-38.2667,141.9667,48.24,87,34,13.4,scattered clouds
140,Ambovombe,MG,-25.1667,46.0833,70.7,77,0,14.88,clear sky
141,Klaksvik,FO,62.2266,-6.589,50.92,88,94,10.38,overcast clouds
142,Jacmel,HT,18.2342,-72.5347,84.69,61,94,9.42,overcast clouds
143,Sumbe,AO,-11.2061,13.8437,76.3,88,4,6.62,clear sky
144,Saint George,US,37.1041,-113.5841,86.79,12,0,0.0,clear sky
145,Carauari,BR,-4.8828,-66.8958,75.43,97,100,2.08,moderate rain
146,Henties Bay,NA,-22.116,14.2845,63.3,64,1,5.1,clear sky
147,Prieska,ZA,-29.6641,22.7474,62.28,20,0,5.75,clear sky
148,Mian Channun,PK,30.44,72.3543,99.72,8,0,14.61,clear sky
149,Verkhnyaya Inta,RU,65.9811,60.3094,46.54,86,90,4.65,overcast clouds
150,Saint Anthony,US,45.0205,-93.218,73.81,33,0,14.97,clear sky
151,Bilma,NE,18.6853,12.9164,89.29,10,0,10.27,clear sky
152,Taltal,CL,-25.4,-70.4833,63.28,72,12,4.34,few clouds
153,Semnan,IR,35.5729,53.3971,76.84,12,0,2.3,clear sky
154,Kruisfontein,ZA,-34.0033,24.7314,63.88,87,1,3.89,clear sky
155,Eyl,SO,7.9803,49.8164,83.26,75,59,21.5,broken clouds
156,Bartica,GY,6.4,-58.6167,88.12,90,100,4.47,overcast clouds
157,Bambous Virieux,MU,-20.3428,57.7575,73.65,94,40,5.75,scattered clouds
158,Macau,MO,22.2006,113.5461,69.6,94,75,19.57,broken clouds
159,Saint-Augustin,CA,51.226,-58.6502,46.17,54,80,10.11,broken clouds
160,Turukhansk,RU,65.8167,87.9833,58.39,58,74,7.34,broken clouds
161,Sao Jose Da Coroa Grande,BR,-8.8978,-35.1478,82.17,72,93,7.36,overcast clouds
162,Pytalovo,RU,57.0679,27.9138,49.21,55,89,11.48,overcast clouds
163,Kavaratti,IN,10.5669,72.642,80.49,83,100,17.81,overcast clouds
164,Balkhash,KZ,46.844,74.9804,65.98,47,22,6.44,few clouds
165,Havre-Saint-Pierre,CA,50.2334,-63.5986,44.96,61,0,17.27,clear sky
166,Beloha,MG,-25.1667,45.05,68.67,76,0,11.16,clear sky
167,Mahebourg,MU,-20.4081,57.7,73.69,94,40,5.75,scattered clouds
168,Jos,NG,9.9167,8.9,80.69,33,90,2.98,overcast clouds
169,Giyon,ET,8.5333,37.9833,70.36,24,18,14.29,few clouds
170,Lokosovo,RU,61.1333,74.8167,52.86,67,86,6.2,overcast clouds
171,Rio Grande,BR,-32.035,-52.0986,60.91,72,100,18.48,overcast clouds
172,Rzhaksa,RU,52.1338,42.0264,47.64,91,95,8.21,light rain
173,Marfino,RU,55.7028,37.3822,51.94,76,0,6.71,clear sky
174,Tabou,CI,4.423,-7.3528,81.1,84,100,7.63,light rain
175,Tessalit,ML,20.1986,1.0114,101.01,6,1,11.5,clear sky
176,Olafsvik,IS,64.8945,-23.7142,46.78,94,100,14.43,overcast clouds
177,Namibe,AO,-15.1961,12.1522,68.63,83,40,13.8,scattered clouds
178,Lebu,CL,-37.6167,-73.65,58.41,44,100,3.74,overcast clouds
179,Jinka,ET,5.65,36.65,65.52,71,75,4.63,broken clouds
180,Cururupu,BR,-1.8283,-44.8683,85.96,66,95,8.14,overcast clouds
181,Ovruch,UA,51.3246,28.8035,50.85,74,79,7.58,broken clouds
182,Plettenberg Bay,ZA,-34.0527,23.3716,61.16,81,0,3.65,clear sky
183,Caconda,AO,-13.7333,15.0667,66.07,45,67,4.68,broken clouds
184,Kasempa,ZM,-13.4584,25.8338,59.68,50,15,5.48,few clouds
185,Lagunas,PE,-5.2269,-75.6753,77.2,93,100,2.62,overcast clouds
186,Osorno,CL,-40.5667,-73.15,60.26,62,0,0.0,clear sky
187,Zetaquira,CO,5.2822,-73.169,76.08,62,99,6.29,overcast clouds
188,Buchanan,LR,5.8808,-10.0467,82.22,79,93,8.25,light rain
189,Antofagasta,CL,-23.65,-70.4,63.68,66,21,7.16,few clouds
190,Ilulissat,GL,69.2167,-51.1,26.62,43,4,5.75,clear sky
191,Manjacaze,MZ,-24.7117,33.8828,66.02,83,2,4.9,clear sky
192,Ylivieska,FI,64.0833,24.55,44.31,59,93,4.92,overcast clouds
193,Ormara,PK,25.2088,64.6357,83.48,77,0,21.68,clear sky
194,Coquimbo,CL,-29.9533,-71.3436,56.93,76,100,6.91,overcast clouds
195,Korla,CN,41.7597,86.1469,73.67,21,95,5.57,overcast clouds
196,Hambantota,LK,6.1241,81.1185,80.1,83,87,15.08,overcast clouds
197,Senanga,ZM,-16.1167,23.2667,66.88,42,22,5.82,few clouds
198,Shieli,KZ,44.1667,66.75,73.22,30,90,1.3,overcast clouds
199,Tiznit,MA,29.5833,-9.5,71.58,46,0,8.03,clear sky
200,Rawson,AR,-43.3002,-65.1023,53.71,62,14,20.0,few clouds
201,Kisangani,CD,0.5167,25.2,76.95,77,83,3.22,broken clouds
202,Kerman,IR,30.2832,57.0788,67.86,12,0,9.22,clear sky
203,Balkanabat,TM,39.5108,54.3671,76.12,29,22,7.74,few clouds
204,Port Shepstone,ZA,-30.7414,30.455,67.24,83,5,8.9,clear sky
205,Cartagena Del Chaira,CO,1.3349,-74.8429,84.47,78,90,2.93,light rain
206,Sol-Iletsk,RU,51.1631,54.9918,50.34,93,71,7.47,broken clouds
207,Riohacha,CO,11.5444,-72.9072,88.25,64,92,9.86,overcast clouds
208,Nandigama,IN,16.7833,80.3,87.69,68,10,10.89,clear sky
209,Marsh Harbour,BS,26.5412,-77.0636,79.81,69,9,4.21,light rain
210,Qostanay,KZ,53.1667,63.5833,59.29,77,75,8.95,broken clouds
211,Copiapo,CL,-27.3667,-70.3333,58.69,29,0,7.72,clear sky
212,New Waterford,US,40.8451,-80.6145,82.63,50,79,3.0,broken clouds
213,Faya,SA,18.3851,42.4509,75.31,12,1,12.59,clear sky
214,Takoradi,GH,4.8845,-1.7554,82.02,77,31,8.77,scattered clouds
215,Puerto Narino,CO,-3.7703,-70.3831,74.14,99,100,2.39,heavy intensity rain
216,Bhainsdehi,IN,21.6467,77.6325,90.37,18,31,8.05,scattered clouds
217,Kismayo,SO,-0.3582,42.5454,80.11,80,57,11.39,broken clouds
218,Huarmey,PE,-10.0681,-78.1522,69.35,71,56,9.66,broken clouds
219,Berlevag,NO,70.8578,29.0864,39.15,87,100,13.8,overcast clouds
220,Vardo,NO,70.3705,31.1107,39.18,87,75,8.05,broken clouds
221,Nanortalik,GL,60.1432,-45.2371,31.62,71,54,9.46,broken clouds
222,Sitges,ES,41.2351,1.8119,78.87,41,37,8.08,light rain
223,Nuuk,GL,64.1835,-51.7216,29.01,64,0,11.5,clear sky
224,Mercedes,AR,-34.6515,-59.4307,60.04,28,0,17.09,clear sky
225,Amapa,BR,1.0,-52.0,74.52,99,100,0.47,heavy intensity rain
226,Baglung,NP,28.2719,83.5898,70.32,60,30,6.22,scattered clouds
227,Japura,ID,-0.3167,102.35,78.66,90,68,1.5,broken clouds
228,Spartanburg,US,34.9496,-81.9321,85.33,59,59,5.61,light rain
229,Cachoeira Do Sul,BR,-30.0392,-52.8939,58.91,94,98,6.2,overcast clouds
230,Sept-Iles,CA,50.2001,-66.3821,52.05,52,75,20.71,broken clouds
231,Sao Filipe,CV,14.8961,-24.4956,78.04,66,55,7.25,broken clouds
232,Port-De-Bouc,FR,43.4,4.9833,79.75,47,0,10.36,clear sky
233,Radviliskis,LT,55.8167,23.5333,50.05,76,0,3.44,clear sky
234,Koroni,GR,36.8,21.95,67.71,75,0,8.48,clear sky
235,Bertoua,CM,4.5833,13.6833,75.27,78,76,1.36,light rain
236,Leeuwarden,NL,53.2014,5.8086,68.05,71,100,16.11,overcast clouds
237,Praia,CV,14.9215,-23.5087,88.34,35,0,27.63,clear sky
238,Geraldton,AU,-28.7667,114.6,54.01,87,4,8.05,clear sky
239,Verrettes,HT,19.05,-72.4667,88.68,46,97,2.62,overcast clouds
240,Pitimbu,BR,-7.4706,-34.8086,84.79,78,100,8.05,overcast clouds
241,Abonnema,NG,4.7084,6.7931,80.13,82,93,7.31,light rain
242,Callaway,US,30.153,-85.5699,82.33,80,40,12.66,moderate rain
243,Sciacca,IT,37.5082,13.0881,73.65,57,45,2.08,scattered clouds
244,Muros,ES,42.7762,-9.0603,67.15,79,98,17.67,light rain
245,Newcastle,AU,-32.9272,151.7765,65.71,95,16,9.22,few clouds
246,Havoysund,NO,70.9963,24.6622,41.23,97,100,9.24,overcast clouds
247,Conceicao Do Araguaia,BR,-8.2578,-49.2647,86.99,62,100,2.13,overcast clouds
248,Umm Kaddadah,SD,13.6017,26.6876,85.6,39,85,14.88,overcast clouds
249,Umba,RU,66.6871,34.3429,45.81,70,99,6.2,overcast clouds
250,Acarau,BR,-2.8856,-40.12,83.21,78,87,14.34,overcast clouds
251,Sars,RU,56.5502,57.1366,45.77,86,74,5.3,broken clouds
252,Charlestown,AU,-32.95,151.6667,65.73,95,14,5.44,few clouds
253,Saint-Francois,FR,46.4154,3.9054,72.84,68,86,1.14,overcast clouds
254,Ambilobe,MG,-13.2,49.05,71.47,81,2,3.36,clear sky
255,Coaticook,CA,45.1334,-71.7991,65.97,96,100,1.77,moderate rain
256,Porto Velho,BR,-8.7619,-63.9039,89.65,62,40,3.44,scattered clouds
257,Moose Factory,CA,51.2585,-80.6094,73.4,49,0,11.5,clear sky
258,Margate,GB,51.3813,1.3862,64.11,68,99,4.0,overcast clouds
259,Salinopolis,BR,-0.6136,-47.3561,84.06,75,84,12.97,broken clouds
260,Methoni,GR,36.8197,21.7049,67.86,79,0,9.26,clear sky
261,Aksarka,RU,66.5606,67.7975,46.13,88,86,8.05,overcast clouds
262,Rock Sound,BS,24.9,-76.2,79.29,75,2,5.73,heavy intensity rain
263,Cidreira,BR,-30.1811,-50.2056,63.93,89,97,12.8,overcast clouds
264,Meulaboh,ID,4.1363,96.1285,74.77,89,100,9.17,overcast clouds
265,Cabedelo,BR,-6.9811,-34.8339,84.87,80,99,9.93,light rain
266,Belmonte,BR,-15.8631,-38.8828,75.9,79,100,7.7,overcast clouds
267,Tupa,BR,-21.9347,-50.5136,73.38,74,90,9.84,overcast clouds
268,Rio Claro,BR,-22.4114,-47.5614,72.82,78,94,9.04,overcast clouds
269,Takab,IR,36.4009,47.1133,59.63,54,17,4.47,few clouds
270,Puerto Del Rosario,ES,28.5004,-13.8627,73.15,68,20,11.5,few clouds
271,Kalmunai,LK,7.4167,81.8167,81.01,75,78,5.82,broken clouds
272,Bougouni,ML,11.417,-7.479,101.03,7,96,3.98,overcast clouds
273,Kapuskasing,CA,49.4169,-82.4331,69.8,40,20,13.8,few clouds
274,Sikasso,ML,10.9167,-7.0,101.46,14,81,3.31,broken clouds
275,Cusuna,HN,15.85,-85.2333,84.09,66,82,7.72,broken clouds
276,Kamenka,RU,51.3223,42.7678,47.98,91,76,8.21,broken clouds
277,Awbari,LY,26.5921,12.7805,79.93,13,0,9.1,clear sky
278,Sal Rei,CV,16.1833,-22.9167,79.0,69,0,17.27,clear sky
279,Bollnas,SE,61.3482,16.3946,50.74,38,64,13.47,broken clouds
280,Roald,NO,62.5833,6.1333,50.92,66,0,8.05,clear sky
281,Mahon,ES,39.8885,4.2658,72.16,53,0,10.36,clear sky
282,Nowy Dwor Mazowiecki,PL,52.4302,20.7165,67.28,41,0,8.05,clear sky
283,Abay,KZ,49.6311,72.8539,53.98,51,56,8.16,broken clouds
284,Macroom,IE,51.9,-8.95,56.14,92,99,8.99,overcast clouds
285,Temyasovo,RU,52.9933,58.1014,44.17,97,99,3.0,overcast clouds
286,Marsa Matruh,EG,31.3525,27.2453,68.2,77,75,11.5,broken clouds
287,Pervomayskiy,RU,53.2485,40.2871,47.37,91,93,7.72,overcast clouds
288,Salacgriva,LV,57.7536,24.3581,45.39,69,3,13.6,clear sky
289,Gorshechnoye,RU,51.5244,38.0365,46.99,92,94,8.08,overcast clouds
290,Paamiut,GL,61.994,-49.6678,32.27,67,11,15.32,few clouds
291,Weymouth,US,42.2209,-70.9398,78.37,68,100,10.36,overcast clouds
292,Killybegs,IE,54.6333,-8.45,65.91,76,23,13.94,few clouds
293,Iquique,CL,-20.2208,-70.1431,62.64,67,19,7.0,few clouds
294,Inongo,CD,-1.95,18.2667,76.57,78,89,3.22,overcast clouds
295,Reinosa,ES,42.9996,-4.138,65.05,63,87,15.12,overcast clouds
296,Saint-Joseph,RE,-21.3667,55.6167,70.18,78,20,11.14,few clouds
297,Skibbereen,IE,51.55,-9.2667,57.11,94,95,12.28,overcast clouds
298,San Juan,AR,-31.5375,-68.5364,54.37,38,99,2.71,overcast clouds
299,Abeche,TD,13.8292,20.8324,85.42,42,100,11.95,overcast clouds
300,Niquero,CU,20.0431,-77.5828,83.68,64,100,7.23,overcast clouds
301,Sisimiut,GL,66.9395,-53.6735,31.46,52,0,8.23,clear sky
302,Aswan,EG,24.0934,32.907,99.7,16,37,13.8,scattered clouds
303,Channel-Port Aux Basques,CA,47.5702,-59.1367,47.25,78,70,8.99,broken clouds
304,Passagem Franca,BR,-6.1797,-43.7836,90.18,46,71,6.04,broken clouds
305,Middelkerke,BE,51.1558,2.8418,78.8,36,0,10.36,clear sky
306,Bauchi,NG,10.5,10.0,91.02,15,19,4.76,few clouds
307,Kosa,RU,59.9445,54.9977,47.93,79,70,4.74,broken clouds
308,Lardos,GR,36.0942,28.0157,71.42,70,0,15.82,clear sky
309,Jiblah,YE,13.9216,44.1467,69.64,39,0,1.54,clear sky
310,Shalya,RU,57.2471,58.7298,45.79,89,42,4.88,scattered clouds
311,Lagoa,PT,39.05,-27.9833,58.23,82,95,17.4,light rain
312,Hargeysa,SO,9.56,44.065,77.95,21,18,8.28,few clouds
313,Qunduz,AF,36.729,68.857,72.25,48,92,1.48,overcast clouds
314,Colares,PT,38.7992,-9.4469,69.98,76,75,15.99,broken clouds
315,Camana,PE,-16.6228,-72.7111,68.52,73,27,9.46,scattered clouds
316,Manyana,BW,-23.4,21.7167,69.35,27,47,7.54,scattered clouds
317,Hemnesberget,NO,66.2333,13.6333,43.52,89,100,7.47,overcast clouds
318,Gao,ML,16.6362,1.637,94.66,27,80,13.67,broken clouds
319,George,ZA,-33.963,22.4617,56.75,88,0,4.61,clear sky
320,Merrill,US,45.1805,-89.6835,72.1,33,75,13.8,broken clouds
321,Clyde River,CA,70.4692,-68.5914,28.63,80,75,10.36,broken clouds
322,San Luis,AR,-33.295,-66.3356,59.76,29,7,11.16,clear sky
323,Luderitz,NA,-26.6481,15.1594,69.49,36,36,6.15,scattered clouds
324,Bridlington,GB,54.0831,-0.1919,57.88,88,100,16.02,overcast clouds
325,Abu Kamal,SY,34.4506,40.9171,87.8,23,71,28.25,broken clouds
326,Hrodna,BY,53.6884,23.8258,49.84,70,52,8.12,broken clouds
327,Guane,CU,22.2025,-84.0875,90.9,40,0,2.62,clear sky
328,Djibo,BF,14.1022,-1.6306,98.85,6,88,2.68,overcast clouds
329,Albany,US,42.6001,-73.9662,79.63,73,78,4.83,broken clouds
330,Mao,ES,39.8885,4.2658,72.16,53,0,10.36,clear sky
331,Yelanskiy,RU,56.8419,62.5014,50.94,74,94,6.29,overcast clouds
332,Hofn,IS,64.2539,-15.2082,47.26,88,96,2.1,overcast clouds
333,Camacha,PT,33.0833,-16.3333,67.42,73,0,11.5,clear sky
334,La Rioja,ES,42.25,-2.5,69.58,57,89,1.5,overcast clouds
335,Nouadhibou,MR,20.931,-17.0347,80.58,54,100,18.41,sand
336,Arlit,NE,18.7369,7.3853,95.88,11,3,13.71,clear sky
337,Naxos,GR,37.1056,25.3764,72.99,60,0,7.49,clear sky
338,Hualmay,PE,-11.0964,-77.6139,68.23,71,50,8.14,scattered clouds
339,Rincon,US,32.296,-81.2354,84.94,51,40,5.75,scattered clouds
340,Asaka,JP,35.8047,139.6019,60.8,85,100,8.75,moderate rain
341,Gurdaha,IN,22.7347,88.7594,90.09,72,75,13.82,broken clouds
342,Kumluca,TR,36.3703,30.2869,70.18,61,11,4.63,few clouds
343,Urengoy,RU,65.9667,78.3667,48.88,95,100,3.31,overcast clouds
344,Jawhar,SO,2.7809,45.5005,78.42,75,41,12.71,scattered clouds
345,Sechura,PE,-5.5569,-80.8222,75.51,60,99,10.02,overcast clouds
346,Veraval,IN,20.9,70.3667,83.71,79,1,13.85,clear sky
347,Vallenar,CL,-28.5708,-70.7581,78.6,20,0,6.91,clear sky
348,Tapes,BR,-30.6733,-51.3958,60.73,91,85,12.59,overcast clouds
349,Itacare,BR,-14.2775,-38.9967,72.18,96,100,5.12,overcast clouds
350,Minsk,BY,53.9,27.5667,55.15,74,49,8.19,scattered clouds
351,Osmaniye,TR,37.0742,36.2478,62.31,75,55,2.62,broken clouds
352,Jacqueville,CI,5.2052,-4.4146,82.04,80,75,9.04,broken clouds
353,Oranjestad,AW,12.524,-70.027,87.75,66,40,24.16,scattered clouds
354,Constitucion,CL,-35.3333,-72.4167,64.0,45,75,5.97,broken clouds
355,Keetmanshoop,NA,-26.5833,18.1333,70.2,17,0,11.05,clear sky
356,Raudeberg,NO,61.9875,5.1352,48.96,79,41,15.61,scattered clouds
357,Cachira,CO,7.741,-73.0483,73.36,59,90,2.04,overcast clouds
358,Yarmouth,US,41.7057,-70.2286,75.67,85,40,9.22,scattered clouds
359,Obuasi,GH,6.206,-1.6619,79.5,80,83,3.49,broken clouds
360,Taman,RU,45.2117,36.7161,61.57,72,51,8.97,broken clouds
361,Zlobin,HR,45.2924,14.6541,65.5,56,20,3.44,few clouds
362,Tukrah,LY,32.5341,20.5791,67.05,66,0,4.72,clear sky
363,Evanton,GB,57.6638,-4.34,65.86,86,92,6.38,overcast clouds
364,Workington,GB,54.6425,-3.5441,56.08,86,94,11.77,overcast clouds
365,Abha,SA,18.2164,42.5053,75.02,6,0,10.36,clear sky
366,Acari,PE,-15.4311,-74.6158,77.4,51,11,10.63,few clouds
367,Pisco,PE,-13.7,-76.2167,64.45,82,100,5.75,mist
368,Requena,ES,39.4883,-1.1004,64.53,43,91,4.54,overcast clouds
369,Catamayo,EC,-3.9833,-79.35,73.65,69,75,4.61,broken clouds
370,Upata,VE,8.0086,-62.3989,84.06,65,100,7.67,overcast clouds
371,Mangrol,IN,21.1167,70.1167,83.53,78,0,13.11,clear sky
372,Tabas,IR,33.5959,56.9244,76.68,16,0,4.99,clear sky
373,Koutiala,ML,12.3917,-5.4642,101.75,7,98,4.38,overcast clouds
374,Kedougou,SN,12.5579,-12.1743,108.18,9,0,13.8,clear sky
375,Pryozerne,UA,45.2698,36.3303,61.79,63,63,8.03,broken clouds
376,Batouri,CM,4.4333,14.3667,75.72,81,78,1.9,light rain
377,Marystown,CA,47.1666,-55.1483,47.86,100,77,3.0,broken clouds
378,Pakruojis,LT,55.9667,23.8667,50.79,82,67,6.71,broken clouds
379,San Carlos,VE,9.6612,-68.5827,94.87,37,88,6.42,overcast clouds
380,Moroto,UG,2.5345,34.6666,73.85,46,35,14.32,scattered clouds
381,Burevestnik,RU,56.144,43.7883,47.95,76,40,4.47,scattered clouds
382,Bogandinskiy,RU,56.8937,65.8938,59.27,64,100,7.61,overcast clouds
383,Carmo,BR,-21.9336,-42.6086,72.43,77,99,2.46,light rain
384,Kortkeros,RU,61.8106,51.5806,55.4,85,70,4.56,broken clouds
385,Blagoyevo,RU,63.3667,47.9167,50.31,83,100,8.08,overcast clouds
386,Kozhva,RU,65.1073,57.0459,47.44,84,100,1.88,light rain
387,Cerro Largo,BR,-28.1486,-54.7381,64.85,76,42,10.83,scattered clouds
388,Tallahassee,US,30.4383,-84.2807,88.32,56,75,3.44,broken clouds
389,Surt,LY,31.2089,16.5887,71.46,50,0,13.58,clear sky
390,Yozgat,TR,39.5833,35.3333,51.91,90,100,3.71,light rain
391,Boa Vista,BR,2.8197,-60.6733,87.78,58,75,6.91,broken clouds
392,Canico,PT,32.6333,-16.85,72.23,64,20,4.61,few clouds
393,Rabo De Peixe,PT,37.8,-25.5833,66.27,85,40,20.71,scattered clouds
394,Helmstedt,DE,52.2279,11.0099,71.08,75,9,4.81,clear sky
395,Lodja,CD,-3.4833,23.4333,77.16,68,93,2.01,overcast clouds
396,Shemonaikha,KZ,50.6328,81.9056,56.53,82,100,3.06,overcast clouds
397,Puerto Colombia,CO,10.9878,-74.9547,91.49,78,99,7.96,overcast clouds
398,Armacao De Pera,PT,37.1026,-8.357,67.91,81,54,11.43,broken clouds
399,Lisakovsk,KZ,52.5369,62.4936,55.24,91,100,3.87,light rain
400,Kjollefjord,NO,70.9457,27.3465,41.05,86,94,4.94,overcast clouds
401,Ugra,RU,54.7777,34.3267,44.2,94,87,6.13,overcast clouds
402,Chinchani,IN,19.8667,72.7,83.07,82,5,10.85,clear sky
403,Mecca,SA,21.4267,39.8261,91.65,19,0,3.24,clear sky
404,Mutoko,ZW,-17.397,32.2268,57.81,60,0,6.67,clear sky
405,Crnici,BA,43.1289,17.8667,80.38,39,20,9.22,few clouds
406,Biltine,TD,14.5333,20.9167,89.87,34,100,14.79,overcast clouds
407,Mopipi,BW,-21.1833,24.8833,73.13,26,38,12.44,scattered clouds
408,Mangai,CD,-4.05,19.5333,77.58,70,85,1.07,overcast clouds
409,Vigrestad,NO,58.5667,5.7,55.81,79,98,15.84,overcast clouds
410,Gornyy,RU,55.1153,83.9059,55.78,89,98,11.97,overcast clouds
411,Berbera,SO,10.4396,45.0143,91.31,35,1,2.17,clear sky
412,Rottweil,DE,48.1678,8.6272,70.38,79,77,7.05,broken clouds
413,Mapiri,BO,-15.25,-68.1667,81.12,68,53,2.28,broken clouds
414,Santiago Del Estero,AR,-27.7951,-64.2615,56.1,42,100,6.46,overcast clouds
415,Kuybyshevskiy Zaton,RU,55.1593,49.1701,49.24,88,100,6.38,overcast clouds
416,Valparaiso,CL,-33.0393,-71.6273,61.03,77,100,9.22,mist
417,Divnomorskoye,RU,44.5011,38.1353,57.97,83,5,6.4,clear sky
418,Ust-Tsilma,RU,65.441,52.1498,45.27,86,100,7.25,overcast clouds
419,Severnoye,RU,56.3491,78.3619,55.35,62,51,5.26,broken clouds
420,Termoli,IT,41.9888,14.9895,66.78,69,60,1.45,broken clouds
421,Agirish,RU,61.9247,63.0231,46.35,83,71,5.17,broken clouds
422,Carlos Chagas,BR,-17.7031,-40.7664,80.98,52,90,1.57,overcast clouds
423,Altay,CN,47.8667,88.1167,61.38,34,100,6.53,overcast clouds
424,Waycross,US,31.2136,-82.354,86.23,76,100,4.0,light rain
425,Mayumba,GA,-3.432,10.6554,78.04,92,80,6.26,light rain
426,Semey,KZ,50.4111,80.2275,60.1,67,65,6.71,broken clouds
427,Koson,UZ,39.0375,65.585,73.72,46,3,8.37,clear sky
428,Bukama,CD,-9.2,25.85,72.14,56,7,1.54,clear sky
429,Crotone,IT,39.0851,17.1178,75.15,53,0,8.05,clear sky
430,Port-Gentil,GA,-0.7193,8.7815,82.36,89,40,9.22,scattered clouds
431,Gualaquiza,EC,-3.4,-78.55,68.05,91,100,1.97,overcast clouds
432,Kemijarvi,FI,66.7131,27.4306,46.0,84,100,4.45,overcast clouds
433,Galle,LK,6.0367,80.217,80.56,85,90,13.6,overcast clouds
434,Husavik,IS,66.0449,-17.3389,52.21,72,80,0.69,broken clouds
435,Gazli,UZ,40.1333,63.45,77.4,23,57,9.26,broken clouds
436,Iqaluit,CA,63.7506,-68.5145,26.33,73,20,16.11,few clouds
437,Fenoarivo,MG,-18.933,47.4354,62.67,77,75,11.5,broken clouds
438,Jacareacanga,BR,-6.2222,-57.7528,85.35,79,84,3.8,broken clouds
439,Warmbad,NA,-28.45,18.7333,66.6,15,0,12.26,clear sky
440,Rocha,UY,-34.4833,-54.3333,59.72,45,74,12.95,broken clouds
441,Asosa,ET,10.0667,34.5333,63.21,81,100,3.2,overcast clouds
442,Baijiantan,CN,45.6333,85.1833,69.85,43,100,26.37,light rain
443,Kota,IN,25.1833,75.8333,97.48,16,4,15.14,clear sky
444,Sokoni,TZ,-6.4333,39.55,80.46,77,1,14.5,clear sky
445,Mingaora,PK,34.7758,72.3625,75.47,31,96,8.86,overcast clouds
446,Gamba,GA,-2.65,10.0,78.06,90,96,5.93,light rain
447,Pafos,CY,34.7667,32.4167,67.78,77,75,8.05,broken clouds
448,Minudasht,IR,37.2289,55.3747,65.77,72,0,6.91,clear sky
449,Gat,IL,31.61,34.7642,68.81,100,0,4.94,clear sky
450,Sanchursk,RU,56.9413,47.2499,46.72,84,95,3.71,overcast clouds
451,Mvuma,ZW,-19.2792,30.5283,56.59,69,4,8.01,clear sky
452,Aksu,CN,41.1231,80.2644,67.77,42,87,4.12,overcast clouds
453,Beira,MZ,-19.8436,34.8389,73.49,83,75,10.36,broken clouds
454,Conde,BR,-7.2597,-34.9075,83.66,74,75,11.5,broken clouds
455,Porto Santo,PT,33.072,-16.3415,70.18,73,0,11.5,clear sky
456,Murwara,IN,23.85,80.4,97.47,17,48,6.33,scattered clouds
457,Gaspe,CA,48.8334,-64.4819,46.62,71,20,18.41,few clouds
458,Zonguldak,TR,41.25,31.8333,51.69,79,12,1.81,few clouds
459,Goderich,CA,43.7501,-81.7165,64.72,77,78,5.75,broken clouds
460,Kangaba,ML,11.9333,-8.4167,101.95,6,61,6.55,broken clouds
461,Hanover,DE,52.3705,9.7332,71.56,35,0,8.05,clear sky
462,Abu Samrah,SY,35.3029,37.1841,66.33,55,22,18.01,few clouds
463,Tucupita,VE,9.0622,-62.051,83.43,80,99,7.67,overcast clouds
464,Caravelas,BR,-17.7125,-39.2481,79.57,55,67,7.4,broken clouds
465,Shakawe,BW,-18.3667,21.85,67.39,30,7,5.17,clear sky
466,Nova Prata,BR,-28.7839,-51.61,57.27,98,97,3.02,overcast clouds
467,Montemor-O-Novo,PT,38.6481,-8.2145,67.14,58,34,13.6,scattered clouds
468,Sinjar,IQ,36.3209,41.8754,83.21,24,40,12.59,scattered clouds
469,Santa Isabel Do Rio Negro,BR,-0.4139,-65.0192,85.62,78,100,4.59,light rain
470,Cozumel,MX,20.5083,-86.9458,84.94,67,0,5.99,clear sky
471,Ugoofaaru,MV,5.6667,73.0,83.1,78,100,20.33,overcast clouds
472,Lipari,IT,38.4674,14.954,71.33,69,21,6.62,few clouds
473,Adoni,IN,15.6333,77.2833,86.83,54,38,15.73,scattered clouds
474,Marabba,SD,12.35,32.1833,84.6,45,100,18.43,overcast clouds
475,Beziers,FR,43.3476,3.219,69.89,68,0,16.11,clear sky
476,Grand Gaube,MU,-20.0064,57.6608,73.8,81,18,1.99,few clouds
477,Surgut,RU,61.25,73.4167,55.58,58,0,0.0,clear sky
478,Goianesia,BR,-15.3175,-49.1175,90.48,28,2,6.29,clear sky
479,Vurnary,RU,55.4904,46.9648,46.4,84,75,3.69,broken clouds
480,Almazar,UZ,40.3217,69.0106,69.71,49,1,2.19,clear sky
481,Itaqui,BR,-29.1253,-56.5531,66.06,62,24,15.7,few clouds
482,Itarema,BR,-2.9248,-39.9167,83.1,78,90,13.69,overcast clouds
483,Mana,GF,5.6592,-53.7767,81.63,84,100,10.71,overcast clouds
484,Lerwick,GB,60.1545,-1.1494,51.8,81,100,8.55,overcast clouds
485,Kurtalan,TR,37.9272,41.7028,62.19,80,85,5.48,overcast clouds
486,Great Yarmouth,GB,52.6083,1.7305,62.46,83,100,16.73,overcast clouds
487,Halmstad,SE,56.6745,12.8568,57.02,58,0,11.5,clear sky
488,Cap Malheureux,MU,-19.9842,57.6142,72.46,81,15,1.99,few clouds
489,Liverpool,GB,53.4106,-2.9779,66.65,70,40,11.5,scattered clouds
490,Uige,AO,-7.6087,15.0613,74.14,70,90,2.42,overcast clouds
491,Kakonko,TZ,-3.2828,30.9642,64.62,94,34,2.53,moderate rain
492,Prainha,BR,-1.8,-53.48,79.77,91,100,4.99,light rain
493,Dagana,MR,16.5165,-15.5068,111.09,6,78,17.85,broken clouds
494,Corbelia,BR,-24.7989,-53.3067,63.75,89,100,5.32,overcast clouds
495,Stornoway,GB,58.2093,-6.3865,56.93,81,60,12.66,broken clouds
496,Freetown,SL,8.484,-13.2299,84.0,76,80,11.79,broken clouds
497,Agadez,NE,19.75,10.25,85.82,12,0,6.29,clear sky
498,Muisne,EC,0.6,-80.0333,79.59,84,100,8.97,overcast clouds
499,Biscarrosse,FR,44.3945,-1.1672,73.35,56,13,2.3,thunderstorm
500,Marrakesh,MA,31.6315,-8.0083,86.07,32,20,6.91,few clouds
501,Wattegama,LK,6.7989,81.4808,78.17,77,99,7.78,overcast clouds
502,Sassandra,CI,4.95,-6.0833,81.57,80,87,6.53,overcast clouds
503,Bonito,BR,-21.1211,-56.4819,67.44,91,100,6.69,overcast clouds
504,Sjovegan,NO,68.8726,17.8474,41.74,100,100,5.95,light rain
505,Chimbote,PE,-9.0853,-78.5783,69.03,71,53,10.16,broken clouds
506,Wick,GB,58.4333,-3.0833,50.05,93,87,11.5,overcast clouds
507,Americana,BR,-22.7392,-47.3314,74.5,79,91,6.91,overcast clouds
508,Caala,AO,-12.8525,15.5606,64.6,53,65,3.94,broken clouds
509,Naliya,IN,23.2667,68.8333,83.14,75,0,18.66,clear sky
510,Esil,KZ,51.9556,66.4042,57.9,76,99,12.86,overcast clouds
511,Maraa,BR,-1.8333,-65.3667,85.3,75,90,4.79,overcast clouds
512,Aquiraz,BR,-3.9014,-38.3911,86.09,80,98,10.02,overcast clouds
513,Makat,KZ,47.6469,53.3463,65.23,70,52,6.62,broken clouds
514,Shrewsbury,GB,52.7101,-2.7521,64.67,80,100,6.91,overcast clouds
515,Peniche,PT,39.3558,-9.3811,69.3,80,54,17.9,broken clouds
516,Santa Fe,AR,-31.6333,-60.7,64.99,45,46,8.01,light rain
517,Port-Cartier,CA,50.0334,-66.8654,51.75,65,64,13.27,broken clouds
518,Vicuna,CL,-30.0319,-70.7081,82.78,20,0,6.69,clear sky
519,Lewisporte,CA,49.2499,-55.0482,38.91,65,75,9.19,broken clouds
520,Raseiniai,LT,55.3736,23.1217,49.42,70,49,8.55,scattered clouds
521,Santa Rosa,PH,14.3122,121.1114,80.58,91,100,0.78,light rain
522,Shahr-E Babak,IR,30.1165,55.1186,65.26,13,0,8.28,clear sky
523,Quartucciu,IT,39.2519,9.1794,72.03,69,0,11.01,clear sky
524,Nageshwari,BD,25.9377,89.7148,76.55,91,49,10.31,scattered clouds
525,Mul,IN,20.0667,79.6667,89.76,42,82,13.04,broken clouds
526,Lulea,SE,65.5842,22.1547,53.67,40,0,20.71,clear sky
527,Grand-Santi,GF,4.25,-54.3833,83.16,86,100,4.03,light rain
528,Hlukhiv,UA,51.6782,33.9162,47.25,89,81,8.5,broken clouds
529,Yambio,SS,4.5721,28.3955,71.92,88,77,1.03,light rain
530,Puerto Suarez,BO,-18.95,-57.8,72.16,88,75,10.36,broken clouds
531,Axim,GH,4.8699,-2.2405,81.84,78,52,7.94,broken clouds
532,Ribeira Brava,PT,32.65,-17.0667,72.23,64,51,8.14,broken clouds
533,Bisira,PA,8.5196,-81.7115,70.18,81,75,0.83,broken clouds
534,Opuwo,NA,-18.0607,13.84,72.57,28,18,10.31,few clouds
535,Sambava,MG,-14.2667,50.1667,74.61,73,21,14.85,few clouds
536,Saint-Leu,RE,-21.15,55.2833,71.31,72,27,7.63,scattered clouds
537,Santa Maria,BR,-29.6842,-53.8069,61.9,88,100,3.44,overcast clouds
538,Krasnoarmeyskiy,RU,47.0114,42.2072,57.33,70,87,8.23,overcast clouds
539,Pemba,MZ,-12.974,40.5178,81.3,69,75,5.75,broken clouds
540,Capreol,CA,46.706,-80.9225,81.07,30,75,10.36,broken clouds
541,Grindavik,IS,63.8424,-22.4338,55.35,87,100,24.16,overcast clouds
542,Baghmara,IN,23.795,86.2085,91.2,47,100,10.13,overcast clouds
543,Tremedal,BR,-14.9758,-41.4108,78.96,57,98,8.01,overcast clouds
544,Batken,KG,39.8333,71.0,47.66,74,62,3.47,broken clouds
545,Kalmar,SE,56.6616,16.3616,57.15,64,12,5.01,few clouds
546,Mugumu,TZ,-1.85,34.7,65.55,81,53,1.21,light rain
547,Rudsar,IR,37.1376,50.288,66.18,75,0,2.8,clear sky
548,Kudahuvadhoo,MV,2.6708,72.8944,84.0,76,89,16.49,overcast clouds
549,Talnakh,RU,69.4865,88.3972,36.19,98,100,10.31,overcast clouds
550,Konstantinovsk,RU,47.5828,41.0922,55.71,73,81,7.61,broken clouds
551,Ruwi,OM,23.5996,58.5507,87.49,67,0,6.91,clear sky
552,Panaba,MX,21.2833,-88.2667,92.1,31,0,13.31,clear sky
553,Pratapgarh,IN,24.0333,74.7833,90.43,18,0,9.8,clear sky
554,Andenes,NO,69.3143,16.1194,35.58,93,75,20.71,drizzle
555,Morondava,MG,-20.2833,44.2833,79.61,68,74,11.1,broken clouds
556,Nikolsk,RU,53.7189,46.0712,46.35,91,98,6.42,overcast clouds
557,Macherla,IN,16.4833,79.4333,86.88,70,5,15.37,clear sky
558,Joshimath,IN,30.5667,79.5667,65.55,39,42,6.78,scattered clouds
559,Dalton,US,34.7698,-84.9702,82.54,57,40,0.0,scattered clouds
560,Bellegarde-Sur-Valserine,FR,46.1079,5.8242,81.21,87,49,4.18,scattered clouds
561,Adrar,MR,20.5022,-10.0711,102.6,8,8,19.75,clear sky
562,Kamskiye Polyany,RU,55.4307,51.4171,54.41,86,100,4.38,light rain
563,Sao Felix Do Xingu,BR,-6.6447,-51.995,85.68,62,96,4.52,overcast clouds
564,Salinas,US,36.6777,-121.6555,78.57,71,40,14.97,scattered clouds
565,Rundu,NA,-17.9333,19.7667,70.2,33,39,5.12,scattered clouds
566,Barsovo,RU,61.1667,73.1667,55.53,67,89,7.34,overcast clouds
567,Albacete,ES,38.8333,-2.0,79.61,36,0,6.91,clear sky
568,Tapiramuta,BR,-11.8472,-40.7914,82.58,42,70,8.28,broken clouds
569,Santa Barbara,US,34.7333,-120.0343,79.34,46,0,6.91,clear sky
570,Pasni,PK,25.2631,63.471,83.66,75,0,14.36,clear sky
571,Puerto Ayacucho,VE,5.6639,-67.6236,90.14,58,69,2.86,broken clouds
572,Fort-Shevchenko,KZ,44.5086,50.263,63.41,69,1,6.96,clear sky
573,Hazorasp,UZ,41.3194,61.0742,69.64,16,56,7.63,broken clouds
574,Bongandanga,CD,1.5,21.05,76.86,72,63,2.01,broken clouds
575,Puerto Madryn,AR,-42.7692,-65.0385,54.84,58,21,21.14,few clouds
576,Maarianhamina,AX,60.0973,19.9348,51.66,43,0,9.22,clear sky
577,Soyo,AO,-6.1349,12.3689,78.76,84,30,7.92,scattered clouds
578,Scarborough,GB,54.2797,-0.4044,57.33,80,100,7.0,overcast clouds
579,Shache,CN,38.4167,77.2406,66.06,46,100,22.24,overcast clouds
580,Sao Joao Dos Patos,BR,-6.495,-43.7022,88.74,46,93,7.4,overcast clouds
581,La Asuncion,VE,11.0333,-63.8628,94.73,49,84,20.71,broken clouds
582,Rudbar,AF,30.15,62.6,79.09,18,0,17.36,clear sky
583,Akdepe,TM,42.0551,59.3788,71.69,18,12,7.49,few clouds
584,Yar-Sale,RU,66.8333,70.8333,38.35,93,90,9.82,overcast clouds
585,San Felipe,VE,10.3399,-68.7425,96.12,35,97,6.29,overcast clouds
586,Sanford,US,28.8006,-81.2731,91.18,60,75,5.75,broken clouds
587,Bafq,IR,31.6128,55.4107,76.46,12,0,3.8,clear sky
588,Acurenam,GQ,1.0322,10.6488,70.79,96,82,2.46,light rain
589,Sao Joao Da Barra,BR,-21.6403,-41.0511,80.69,72,37,14.58,scattered clouds
590,Voskresenskoye,RU,56.8381,45.4317,46.04,84,37,4.81,scattered clouds
591,Piacabucu,BR,-10.4056,-36.4344,82.11,72,86,9.53,overcast clouds
592,Inhambane,MZ,-23.865,35.3833,71.58,88,20,6.91,few clouds
593,Loharu,IN,28.45,75.8167,99.55,13,92,18.16,overcast clouds
594,Kilindoni,TZ,-7.9139,39.6668,80.6,74,0,16.26,light rain
595,Petukhovo,RU,55.0692,67.9019,57.78,68,91,6.96,overcast clouds
596,Chandia,IN,23.65,80.7,95.63,17,44,6.49,scattered clouds
597,Freeport,US,40.6576,-73.5832,78.31,69,40,11.5,scattered clouds
598,Chandbali,IN,20.7833,86.7667,85.28,79,25,19.26,scattered clouds
599,Yining,CN,29.0361,114.5636,55.0,97,100,2.37,overcast clouds
600,San Julian,MX,21.0167,-102.1667,82.13,20,5,7.45,clear sky
601,Nurota,UZ,40.5614,65.6886,68.86,43,68,6.24,broken clouds
602,Varberg,SE,57.1056,12.2508,56.88,78,60,4.88,broken clouds
603,Kargat,RU,55.1956,80.2811,56.55,66,55,6.26,broken clouds
604,Hobe Sound,US,27.0595,-80.1364,91.02,56,75,10.36,broken clouds
605,Nortelandia,BR,-14.4547,-56.8028,89.24,43,53,4.32,broken clouds
606,Rodrigues Alves,BR,-7.738,-72.6509,82.6,88,72,2.26,broken clouds
607,Totskoye,RU,52.5248,52.7623,54.1,82,100,6.24,light rain
608,Kashary,RU,49.04,41.0056,52.09,77,53,8.03,broken clouds
609,Bonavista,CA,48.6499,-53.1147,34.92,79,84,15.5,broken clouds
610,San Jose,US,37.3394,-121.895,75.92,63,20,11.5,few clouds
611,Saryozek,KZ,44.3583,77.9753,52.48,82,67,1.54,broken clouds
612,Warri,NG,5.5167,5.75,79.52,85,88,5.66,light rain
613,Santa Vitoria Do Palmar,BR,-33.5189,-53.3681,61.39,46,100,9.44,overcast clouds
614,Macusani,PE,-14.0833,-70.4333,52.32,46,14,8.59,few clouds
615,Olonets,RU,60.9847,32.9698,43.45,90,40,7.76,scattered clouds
616,Sao Joao Do Piaui,BR,-8.3581,-42.2467,95.43,31,99,7.36,overcast clouds
617,Bozoum,CF,6.3193,16.3799,74.03,80,60,1.05,moderate rain
618,Quchan,IR,37.106,58.5095,61.52,43,0,4.79,clear sky
619,Vila Nova De Milfontes,PT,37.7238,-8.7828,67.24,75,42,11.54,scattered clouds
620,Tsogni,GA,-2.7942,10.0988,77.41,90,92,5.32,light rain
621,Tandalti,SD,13.0167,31.8667,87.01,36,81,18.21,broken clouds
622,Porto Novo,BJ,6.4965,2.6036,85.82,75,39,9.4,scattered clouds
623,Woodstock,CA,43.1334,-80.7497,82.81,48,26,8.01,scattered clouds
624,Ballina,AU,-28.8667,153.5667,70.79,95,18,5.17,few clouds
625,Groa,NO,62.65,8.7167,41.14,99,100,6.35,overcast clouds
626,Luba,GQ,3.4568,8.5547,81.95,81,71,5.77,broken clouds
627,Nybro,SE,56.7446,15.9071,56.25,47,24,5.75,few clouds
628,Beyneu,KZ,45.3167,55.2,72.3,36,0,9.06,clear sky
629,Oistins,BB,13.0667,-59.5333,84.29,74,75,21.85,broken clouds
630,Marki,PL,52.3206,21.1047,67.15,43,0,11.5,clear sky
631,Colonia,DE,50.9333,6.95,77.83,36,0,4.61,clear sky
632,Bodmin,GB,50.4715,-4.7243,61.45,94,100,13.8,moderate rain
633,Bilgoraj,PL,50.5411,22.722,53.33,69,7,5.12,clear sky
634,San Ramon,US,37.7799,-121.978,79.65,64,0,13.8,clear sky
635,Tanout,NE,14.9709,8.8879,91.81,11,37,12.24,scattered clouds
636,Ardakan,IR,32.31,54.0175,76.5,12,0,0.83,clear sky
637,Roros,NO,62.5747,11.3842,33.71,83,94,16.91,overcast clouds
638,Vestmanna,FO,62.1564,-7.1664,49.12,87,100,4.61,overcast clouds
639,Punta Cardon,VE,11.6581,-70.215,85.32,67,96,24.63,overcast clouds
640,Sinazongwe,ZM,-17.2614,27.4618,71.01,48,1,5.23,clear sky
641,Puerto Leguizamo,CO,-0.1934,-74.7819,76.51,94,90,4.16,overcast clouds
642,Chishtian Mandi,PK,29.8,72.8667,99.57,9,1,17.07,clear sky
643,Vila Franca Do Campo,PT,37.7167,-25.4333,67.19,78,89,18.92,light rain
644,Babol,IR,36.5513,52.679,69.78,78,0,0.0,clear sky
645,Antalaha,MG,-14.9003,50.2788,71.22,78,8,8.43,clear sky
646,Rio Gallegos,AR,-51.6226,-69.2181,51.85,58,0,16.11,clear sky
647,Mogadishu,SO,2.0371,45.3438,80.67,81,48,14.07,scattered clouds
648,Donegal,IE,54.65,-8.1167,64.45,79,37,11.03,scattered clouds
649,Samana,DO,19.2056,-69.3369,86.22,74,40,13.8,scattered clouds
650,Calvinia,ZA,-31.4707,19.776,61.02,19,0,8.48,clear sky
651,Staryy Nadym,RU,65.6118,72.6842,46.04,79,55,9.48,broken clouds
652,Lusambo,CD,-4.9667,23.45,76.69,68,62,0.6,broken clouds
653,San Rafael,AR,-34.6177,-68.3301,57.47,28,17,5.64,few clouds
654,Dulyapino,RU,57.2578,40.8147,46.78,88,88,6.17,light rain
655,Nampula,MZ,-15.1165,39.2666,65.03,82,15,3.2,few clouds
656,Carndonagh,IE,55.25,-7.2667,64.02,85,68,12.17,broken clouds
657,Bhavnagar,IN,21.7667,72.15,92.19,42,0,13.42,clear sky
658,Alakurtti,RU,66.9672,30.3491,48.2,69,97,1.63,overcast clouds
659,Olinda,BR,-8.0089,-34.8553,83.93,74,40,10.36,scattered clouds
660,Chaman,PK,30.9236,66.4512,69.69,22,0,2.28,clear sky
661,Mariakani,KE,-3.8633,39.4736,72.93,89,8,7.45,clear sky
662,Timra,SE,62.487,17.3257,49.68,34,75,21.85,broken clouds
663,Andros Town,BS,24.7,-77.7667,82.36,64,5,3.83,clear sky
664,Sabha,LY,27.0377,14.4283,79.52,13,0,8.57,clear sky
665,Uyuni,BO,-20.4597,-66.825,50.67,23,3,17.76,clear sky
666,Chicama,PE,-7.8447,-79.1469,64.94,61,43,10.31,scattered clouds
667,Dosso,NE,13.049,3.1937,101.46,19,57,7.27,broken clouds
668,Lima,PE,-12.0432,-77.0282,62.85,77,100,5.75,overcast clouds
669,Lethem,GY,3.3803,-59.7968,88.52,58,91,9.19,overcast clouds
670,Cumaral,CO,4.2708,-73.4867,82.71,75,84,4.21,broken clouds
